request_id,amount_safe_to_pay,affordability_status,recommended_payment_method,payment_plan,earliest_date_for_full_payment,spending_changes_needed,decision_explanation
request_26,15656000,affordable_now,full_payment,2025-08-03:15656000,2025-08-03,none,"Pay IDR 15,656,000 today. This leaves at least IDR 24,768,300 available over the next 90 days."
request_27,6670,affordable_now,full_payment,2026-07-05:6670,2026-07-05,none,"Pay ZAR 6,670 today. This leaves at least ZAR 20,500 available over the next 90 days."
request_28,281.89,affordable_later,wait,2024-08-15:1302.40,2024-08-15,none,"Pay EUR 1,302.40 in full on 15 August 2024. Paying earlier would take the balance below the EUR 1,100 minimum."
request_29,1457.66,not_affordable,not_recommended,none,2025-11-04,none,"Do not make this payment by 23 November 2025. None of the available options keeps the ZAR 28,300 minimum protected."
request_30,775.2,affordable_with_plan,installments,2026-04-06:268.74|2026-05-06:268.74|2026-06-05:268.74,2026-04-06,none,"Use 3 installments of USD 268.74, starting 6 April 2026. This leaves at least USD 900 available."
request_31,2894443.04,affordable_later,wait,2024-11-15:18164000,2024-11-15,none,"Pay IDR 18,164,000 in full on 15 November 2024. Paying earlier would take the balance below the IDR 16,588,900 minimum."
request_32,14175.2,affordable_later,wait,2025-04-15:40018,2025-04-15,none,"Pay ZAR 40,018 in full on 15 April 2025. Paying earlier would take the balance below the ZAR 35,700 minimum."
request_33,32279.86,affordable_later,wait,2026-03-15:118000,2026-03-15,none,"Pay INR 118,000 in full on 15 March 2026. Paying earlier would take the balance below the INR 102,100 minimum."
request_34,129400,affordable_now,full_payment,2024-12-04:129400,2024-12-04,none,"Pay INR 129,400 today. This leaves at least INR 138,500 available over the next 90 days."
request_35,21248.24,affordable_later,wait,2026-01-15:212000,2026-01-15,none,"Pay INR 212,000 in full on 15 January 2026. Paying earlier would take the balance below the INR 106,400 minimum."
request_36,615.13,affordable_later,wait,2026-09-15:3954,2026-09-15,none,"Pay USD 3,954 in full on 15 September 2026. Paying earlier would take the balance below the USD 2,400 minimum."
request_37,0,not_affordable,not_recommended,none,,none,"Do not make this payment by 15 May 2024. None of the available options keeps the IDR 17,056,200 minimum protected."
request_38,182.82,affordable_later,wait,2025-10-15:971.30,2025-10-15,none,Pay EUR 971.30 in full on 15 October 2025. Paying earlier would take the balance below the EUR 400 minimum.
request_39,0,not_affordable,not_recommended,none,,none,"Do not make this payment by 15 June 2026. None of the available options keeps the INR 213,400 minimum protected."
request_40,332.46,affordable_later,wait,2024-08-15:1290.30,2024-08-15,none,"Pay EUR 1,290.30 in full on 15 August 2024. Paying earlier would take the balance below the EUR 1,500 minimum."
request_41,0,not_affordable,not_recommended,none,,none,"Do not make this payment by 15 January 2026. None of the available options keeps the IDR 25,366,600 minimum protected."
request_42,52100,affordable_now,full_payment,2026-01-05:52100,2026-01-05,none,"Pay INR 52,100 today. This leaves at least INR 113,100 available over the next 90 days."
request_43,8443757.75,affordable_later,wait,2024-11-15:43339000,2024-11-15,none,"Pay IDR 43,339,000 in full on 15 November 2024. Paying earlier would take the balance below the IDR 21,398,000 minimum."
request_44,29256.06,affordable_later,wait,2025-04-15:95800,2025-04-15,none,"Pay INR 95,800 in full on 15 April 2025. Paying earlier would take the balance below the INR 82,900 minimum."
request_45,3614476.62,affordable_later,wait,2026-09-15:21983000,2026-09-15,none,"Pay IDR 21,983,000 in full on 15 September 2026. Paying earlier would take the balance below the IDR 11,149,800 minimum."
request_46,36858.4,affordable_with_plan,partial_payment,2024-12-03:36858.40|2024-12-15:12591.60,2024-12-15,none,"Pay INR 36,858.40 today and the remaining INR 12,591.60 on 15 December 2024. This completes the full request and keeps the INR 84,000 minimum protected."
request_47,28334778.04,affordable_with_plan,full_payment,2025-05-05:38114000,2025-05-05,reduce_to:event_4406:770450|reduce_to:event_4342:605150|stop:event_4341,"Reduce the family dinner to IDR 770,450, reduce cinema and events to IDR 605,150, stop the community fitness plan, then pay IDR 38,114,000 on 2025-05-05. This leaves at least IDR 30,049,000 available."
request_48,0,not_affordable,not_recommended,none,,none,"Do not make this payment by 24 August 2026. None of the available options keeps the INR 71,300 minimum protected."
request_49,11974188.05,not_affordable,not_recommended,none,2024-05-15,none,"Do not make this payment by 22 May 2024. None of the available options keeps the IDR 20,275,700 minimum protected."
request_50,43900,affordable_now,full_payment,2025-08-06:43900,2025-08-06,none,"Pay INR 43,900 today. This leaves at least INR 99,700 available over the next 90 days."
request_51,2191000,affordable_now,full_payment,2026-01-03:2191000,2026-01-03,none,"Pay IDR 2,191,000 today. This leaves at least IDR 7,811,000 available over the next 90 days."
request_52,18701.97,affordable_later,wait,2024-06-15:28870,2024-06-15,none,"Pay INR 28,870 in full on 15 June 2024. Paying earlier would take the balance below the INR 41,500 minimum."
request_53,477.89,affordable_with_plan,installments,2025-11-21:589.06|2025-12-19:589.06|2026-01-16:589.06,2026-01-15,none,"Use 3 installments of USD 589.06, starting 21 November 2025. This leaves at least USD 2,100 available."
request_54,2064.79,not_affordable,not_recommended,none,,none,"Do not make this payment by 21 August 2026. None of the available options keeps the ZAR 37,000 minimum protected."
request_55,110709.42,affordable_with_plan,installments,2026-06-11:75781.33|2026-07-12:75781.33|2026-08-12:75781.33,2026-08-15,reduce_to:event_5167:2750|stop:event_5101,"Reduce the family dinner to INR 2,750, stop the family streaming plan, then pay INR 218,600 in installments of INR 75,781.33 on 2026‑06‑11, 2026‑07‑12 and 2026‑08‑12. This leaves at least INR 124,300 available."
request_56,623.64,affordable_with_plan,partial_payment,2025-02-03:623.64|2025-02-15:257.92,2025-02-15,none,"Pay USD 623.64 today and the remaining USD 257.92 on 15 February 2025. This completes the full request and keeps the USD 2,100 minimum protected."
request_57,12657.18,affordable_later,wait,2026-06-15:61446,2026-06-15,none,"Pay ZAR 61,446 in full on 15 June 2026. Paying earlier would take the balance below the ZAR 42,700 minimum."
request_58,16226000,affordable_now,full_payment,2024-12-07:16226000,2024-12-07,none,"Pay IDR 16,226,000 today. This leaves at least IDR 14,433,900 available over the next 90 days."
request_59,140600,affordable_with_plan,installments,2025-05-07:48741.33|2025-06-04:48741.33|2025-07-02:48741.33,2025-05-04,none,"Use 3 installments of INR 48,741.33, starting 7 May 2025. This leaves at least INR 132,600 available."
request_60,117.49,affordable_later,wait,2026-02-15:199.89,2026-02-15,none,Pay USD 199.89 in full on 15 February 2026. Paying earlier would take the balance below the USD 400 minimum.
request_61,29062,affordable_with_plan,installments,2024-03-17:10074.83|2024-04-17:10074.83|2024-05-18:10074.83,2024-03-03,none,"Use 3 installments of ZAR 10,074.83, starting 17 March 2024. This leaves at least ZAR 36,700 available."
request_62,404.23,affordable_now,full_payment,2025-08-05:404.23,2025-08-05,none,"Pay USD 404.23 today. This leaves at least USD 1,300 available over the next 90 days."
request_63,0,not_affordable,not_recommended,none,,none,"Do not make this payment by 17 September 2026. None of the available options keeps the INR 153,500 minimum protected."
request_64,0,not_affordable,not_recommended,none,,none,"Do not make this payment by 16 August 2024. None of the available options keeps the INR 36,100 minimum protected."
request_65,5782.77,not_affordable,not_recommended,none,,none,"Do not make this payment by 25 November 2025. None of the available options keeps the ZAR 15,500 minimum protected."
request_66,22200,affordable_now,full_payment,2026-04-03:22200,2026-04-03,none,"Pay INR 22,200 today. This leaves at least INR 80,700 available over the next 90 days."
request_67,292.95,affordable_later,wait,2024-11-15:2094,2024-11-15,none,"Pay USD 2,094 in full on 15 November 2024. Paying earlier would take the balance below the USD 1,200 minimum."
request_68,1455.49,affordable_with_plan,installments,2025-02-14:725.09|2025-03-14:725.09|2025-04-11:725.09,2025-03-15,none,"Use 3 installments of USD 725.09, starting 14 February 2025. This leaves at least USD 1,500 available."
request_69,529.1,affordable_now,full_payment,2026-01-04:529.10,2026-01-04,none,Pay EUR 529.10 today. This leaves at least EUR 700 available over the next 90 days.
request_70,49475.42,affordable_later,wait,2025-02-15:243900,2025-02-15,none,"Pay INR 243,900 in full on 15 February 2025. Paying earlier would take the balance below the INR 115,000 minimum."
request_71,0,not_affordable,not_recommended,none,,none,"Do not make this payment by 28 May 2025. None of the available options keeps the IDR 8,884,800 minimum protected."
request_72,11330,affordable_now,full_payment,2026-07-05:11330,2026-07-05,none,"Pay ZAR 11,330 today. This leaves at least ZAR 12,200 available over the next 90 days."
request_73,71400,affordable_now,full_payment,2023-01-20:71400,2023-01-20,none,"Pay INR 71,400 today. This leaves at least INR 103,200 available over the next 90 days."
request_74,5010,affordable_now,full_payment,2025-08-04:5010,2025-08-04,none,"Pay ZAR 5,010 today. This leaves at least ZAR 21,900 available over the next 90 days."
request_75,10416.4,affordable_with_plan,installments,2026-04-09:9800.27|2026-05-09:9800.27|2026-06-08:9800.27,2026-04-06,none,"Use 3 installments of ZAR 9,800.27, starting 9 April 2026. This leaves at least ZAR 39,000 available."
request_76,677.36,not_affordable,not_recommended,none,2024-08-15,none,"Do not make this payment by 30 July 2024. None of the available options keeps the USD 1,800 minimum protected."
request_77,57385.3,affordable_with_plan,full_payment,2025-11-05:60700,2025-11-15,stop:event_7143,"Stop the online backup subscription, then pay INR 60,700 on 2025-11-05. This leaves at least INR 82,200 available."
request_78,50200,affordable_now,full_payment,2025-10-02:50200,2025-10-02,none,"Pay INR 50,200 today. This leaves at least INR 55,200 available over the next 90 days."
request_79,278.36,not_affordable,not_recommended,none,,none,"Do not make this payment by 1 November 2024. None of the available options keeps the EUR 1,000 minimum protected."
request_80,112545.1,not_affordable,not_recommended,none,2025-02-15,none,"Do not make this payment by 21 February 2025. None of the available options keeps the INR 121,300 minimum protected."
request_81,2076,affordable_now,full_payment,2026-07-03:2076,2026-07-03,none,"Pay USD 2,076 today. This leaves at least USD 1,600 available over the next 90 days."
request_82,308.88,affordable_later,wait,2025-02-15:1405.20,2025-02-15,none,"Pay USD 1,405.20 in full on 15 February 2025. Paying earlier would take the balance below the USD 1,100 minimum."
request_83,6702.37,not_affordable,not_recommended,none,,none,"Do not make this payment by 17 June 2025. None of the available options keeps the INR 37,800 minimum protected."
request_84,0,not_affordable,not_recommended,none,,none,"Do not make this payment by 15 June 2026. None of the available options keeps the INR 91,300 minimum protected."
request_85,374061.81,not_affordable,not_recommended,none,,none,"Do not make this payment by 26 April 2024. None of the available options keeps the IDR 6,396,300 minimum protected."
request_86,46300,affordable_now,full_payment,2025-08-03:46300,2025-08-03,none,"Pay INR 46,300 today. This leaves at least INR 84,900 available over the next 90 days."
request_87,18037.34,not_affordable,not_recommended,none,,none,"Do not make this payment by 15 March 2026. None of the available options keeps the INR 185,900 minimum protected."
request_88,10497.62,affordable_with_plan,installments,2024-06-14:9045.23|2024-07-15:9045.23|2024-08-15:9045.23,2024-07-15,none,"Use 3 installments of ZAR 9,045.23, starting 14 June 2024. This leaves at least ZAR 25,800 available."
request_89,9226703.57,affordable_with_plan,installments,2025-11-18:4768746.67|2025-12-16:4768746.67|2026-01-13:4768746.67,2026-01-15,reduce_to:event_8403:203300|reduce_to:event_8337:266760|stop:event_8335,"Reduce the family dinner to IDR 203,300, reduce the monthly shopping spend to IDR 266,760, and stop the video streaming plan, then pay IDR 13,756,000 today. This leaves at least IDR 12,534,700 available."
request_90,2560,affordable_now,full_payment,2026-07-06:2560,2026-07-06,none,"Pay ZAR 2,560 today. This leaves at least ZAR 7,600 available over the next 90 days."
request_91,286.92,affordable_later,wait,2024-11-15:1927.20,2024-11-15,none,"Pay EUR 1,927.20 in full on 15 November 2024. Paying earlier would take the balance below the EUR 2,100 minimum."
request_92,34034,affordable_now,full_payment,2025-02-05:34034,2025-02-05,none,"Pay ZAR 34,034 today. This leaves at least ZAR 28,100 available over the next 90 days."
request_93,1729.2,affordable_now,full_payment,2026-04-07:1729.20,2026-04-07,none,"Pay USD 1,729.20 today. This leaves at least USD 1,900 available over the next 90 days."
request_94,572,affordable_now,full_payment,2024-12-04:572,2024-12-04,none,Pay EUR 572 today. This leaves at least EUR 600 available over the next 90 days.
request_95,34918.62,not_affordable,not_recommended,none,,none,"Do not make this payment by 14 July 2025. None of the available options keeps the INR 145,500 minimum protected."
request_96,74311.34,affordable_with_plan,installments,2026-01-10:31269.33|2026-02-09:31269.33|2026-03-11:31269.33,2026-02-15,none,"Use 3 installments of INR 31,269.33, starting 10 January 2026. This leaves at least INR 56,500 available."
request_97,1833.87,affordable_with_plan,installments,2024-03-19:8145.28|2024-04-19:8145.28|2024-05-20:8145.28,2024-04-15,none,"Use 3 installments of ZAR 8,145.28, starting 19 March 2024. This leaves at least ZAR 29,700 available."
request_98,0,not_affordable,not_recommended,none,,none,"Do not make this payment by 15 October 2025. None of the available options keeps the ZAR 30,000 minimum protected."
request_99,16890.9,affordable_with_plan,full_payment,2026-07-04:18062,2026-07-15,reduce_to:event_9232:1065.90,"Reduce the family dinner to ZAR 1,065.90, then pay ZAR 18,062 on 2026-07-04. This leaves at least ZAR 49,100 available."
request_100,25888.98,affordable_with_plan,installments,2024-06-13:12866.19|2024-07-14:12866.19|2024-08-14:12866.19,2024-07-15,none,"Use 3 installments of ZAR 12,866.19, starting 13 June 2024. This leaves at least ZAR 32,500 available."
request_101,143500,affordable_now,full_payment,2025-11-03:143500,2025-11-03,none,"Pay INR 143,500 today. This leaves at least INR 187,400 available over the next 90 days."
request_102,1716,affordable_with_plan,installments,2026-04-05:594.88|2026-05-05:594.88|2026-06-04:594.88,2026-04-05,none,"Use 3 installments of EUR 594.88, starting 5 April 2026. This leaves at least EUR 900 available."
request_103,1095.3,not_affordable,not_recommended,none,,none,"Do not make this payment by 7 October 2024. None of the available options keeps the INR 125,500 minimum protected."
request_104,17204,affordable_now,full_payment,2025-02-04:17204,2025-02-04,none,"Pay ZAR 17,204 today. This leaves at least ZAR 24,700 available over the next 90 days."
request_105,51094.63,affordable_with_plan,full_payment,2026-06-08:53500,2026-06-15,reduce_to:event_9721:1720,"Reduce the monthly entertainment spend to INR 1,720, then pay INR 53,500 on 2026-06-08. This leaves at least INR 73,900 available."
request_106,440.12,affordable_later,wait,2025-02-15:2207.70,2025-02-15,none,"Pay EUR 2,207.70 in full on 15 February 2025. Paying earlier would take the balance below the EUR 1,200 minimum."
request_107,2436.35,affordable_with_plan,installments,2025-05-08:878.59|2025-06-05:878.59|2025-07-03:878.59,2025-06-15,none,"Use 3 installments of EUR 878.59, starting 8 May 2025. This leaves at least EUR 1,600 available."
request_108,2317.45,not_affordable,not_recommended,none,2026-09-15,none,"Do not make this payment by 26 July 2026. None of the available options keeps the ZAR 24,100 minimum protected."
request_109,460.56,affordable_with_plan,installments,2024-03-18:645.98|2024-04-18:645.98|2024-05-19:645.98,2024-05-15,none,"Use 3 installments of EUR 645.98, starting 18 March 2024. This leaves at least EUR 1,700 available."
request_110,22352,affordable_with_plan,installments,2025-08-06:7748.69|2025-09-03:7748.69|2025-10-01:7748.69,2025-08-06,none,"Use 3 installments of ZAR 7,748.69, starting 6 August 2025. This leaves at least ZAR 11,200 available."
request_111,16625000,affordable_now,full_payment,2026-04-03:16625000,2026-04-03,none,"Pay IDR 16,625,000 today. This leaves at least IDR 23,022,800 available over the next 90 days."
request_112,218.08,affordable_with_plan,full_payment,2024-06-05:271.70,2024-06-05,reduce_to:event_10400:13,"Reduce the weekend food delivery to EUR 13, then pay EUR 271.70 on 2024-06-05. This leaves at least EUR 500 available."
request_113,0,not_affordable,not_recommended,none,,none,"Do not make this payment by 19 October 2026. None of the available options keeps the INR 82,300 minimum protected."
request_114,53369.32,affordable_with_plan,full_payment,2026-01-04:65300,2026-01-15,stop:event_10559,"Stop the streaming subscription, then pay INR 65,300 on 2026-01-04. This leaves at least INR 113,400 available."
request_115,14552.2,affordable_later,wait,2024-11-15:80500,2024-11-15,none,"Pay INR 80,500 in full on 15 November 2024. Paying earlier would take the balance below the INR 38,800 minimum."
request_116,7550.39,not_affordable,not_recommended,none,,none,"Do not make this payment by 16 April 2025. None of the available options keeps the INR 80,300 minimum protected."
request_117,848.69,affordable_with_plan,full_payment,2026-07-05:880,2026-07-15,reduce_to:event_10878:20.50,"Reduce the weekend food delivery to EUR 20.50, then pay EUR 880 on 2026-07-05. This leaves at least EUR 1,000 available."
request_118,644.98,affordable_with_plan,installments,2024-12-07:255.87|2025-01-07:255.87|2025-02-07:255.87,2025-01-15,none,"Use 3 installments of EUR 255.87, starting 7 December 2024. This leaves at least EUR 600 available."
request_119,58565,affordable_with_plan,installments,2025-05-18:70546.67|2025-06-15:70546.67|2025-07-13:70546.67,2025-07-15,reduce_to:event_11057:2370|reduce_to:event_11016:2655,"Reduce family dinner to INR 2,370 and reduce weekend entertainment to INR 2,655, then pay INR 203,500 in installments of INR 70,546.67 on 2025-05-18, 2025-06-15, and 2025-07-13. This leaves at least INR 151,200 available."
request_120,7714000,affordable_now,full_payment,2026-04-06:7714000,2026-04-06,none,"Pay IDR 7,714,000 today. This leaves at least IDR 20,050,300 available over the next 90 days."
request_121,633.6,affordable_now,full_payment,2024-03-03:633.60,2024-03-03,none,Pay USD 633.60 today. This leaves at least USD 800 available over the next 90 days.
request_122,20558000,affordable_with_plan,installments,2025-08-05:7126773.33|2025-09-02:7126773.33|2025-09-30:7126773.33,2025-08-05,none,"Use 3 installments of IDR 7,126,773.33, starting 5 August 2025. This leaves at least IDR 12,588,500 available."
request_123,4076000,affordable_now,full_payment,2026-01-07:4076000,2026-01-07,none,"Pay IDR 4,076,000 today. This leaves at least IDR 18,091,200 available over the next 90 days."
request_124,1406.49,affordable_with_plan,installments,2024-06-11:1076.12|2024-07-12:1076.12|2024-08-12:1076.12,2024-07-15,none,"Use 3 installments of EUR 1,076.12, starting 11 June 2024. This leaves at least EUR 1,600 available."
request_125,0,not_affordable,not_recommended,none,,none,"Do not make this payment by 14 November 2025. None of the available options keeps the ZAR 11,300 minimum protected."
request_126,159600,affordable_now,full_payment,2026-07-03:159600,2026-07-03,none,"Pay INR 159,600 today. This leaves at least INR 129,700 available over the next 90 days."
request_127,7933.25,affordable_later,wait,2024-10-15:23980,2024-10-15,none,"Pay ZAR 23,980 in full on 15 October 2024. Paying earlier would take the balance below the ZAR 41,000 minimum."
request_128,25168,affordable_now,full_payment,2025-02-07:25168,2025-02-07,none,"Pay ZAR 25,168 today. This leaves at least ZAR 42,600 available over the next 90 days."
request_129,110.47,not_affordable,not_recommended,none,,none,Do not make this payment by 18 June 2026. None of the available options keeps the USD 800 minimum protected.
request_130,405.41,affordable_later,wait,2025-02-15:1978.80,2025-02-15,none,"Pay USD 1,978.80 in full on 15 February 2025. Paying earlier would take the balance below the USD 1,400 minimum."
request_131,1336.4,affordable_with_plan,installments,2025-05-06:643.14|2025-06-03:643.14|2025-07-01:643.14,2025-06-15,none,"Use 3 installments of USD 643.14, starting 6 May 2025. This leaves at least USD 1,100 available."
request_132,285,affordable_later,wait,2026-01-15:379.86,2026-01-15,none,"Pay USD 379.86 in full on 15 January 2026. Paying earlier would take the balance below the USD 1,100 minimum."
request_133,0,not_affordable,not_recommended,none,2024-03-07,none,"Do not make this payment by 29 March 2024. None of the available options keeps the IDR 9,986,200 minimum protected."
request_134,4469014.82,affordable_later,wait,2025-10-15:21831000,2025-10-15,none,"Pay IDR 21,831,000 in full on 15 October 2025. Paying earlier would take the balance below the IDR 15,902,500 minimum."
request_135,273.59,affordable_with_plan,full_payment,2026-07-06:304.80,2026-07-15,reduce_to:event_12458:17.50,"Reduce lunch with colleagues to USD 17.50, then pay USD 304.80 on 2026-07-06. This leaves at least USD 500 available."
request_136,496.37,affordable_with_plan,full_payment,2024-06-03:560.40,2024-06-15,reduce_to:event_12498:27.20,"Reduce the household shopping to USD 27.20, then pay USD 560.40 on 2024-06-03. This leaves at least USD 1,100 available."
request_137,24928.9,affordable_later,wait,2026-01-15:80100,2026-01-15,none,"Pay INR 80,100 in full on 15 January 2026. Paying earlier would take the balance below the INR 71,800 minimum."
request_138,757.75,affordable_with_plan,partial_payment,2026-04-07:757.75|2026-04-15:499.19,2026-04-15,none,"Pay EUR 757.75 today and the remaining EUR 499.19 on 15 April 2026. This completes the full request and keeps the EUR 2,300 minimum protected."
request_139,1278.14,affordable_with_plan,installments,2024-09-07:802.88|2024-10-08:802.88|2024-11-08:802.88,2024-10-15,none,"Use 3 installments of USD 802.88, starting 7 September 2024. This leaves at least USD 1,500 available."
request_140,1622.98,not_affordable,not_recommended,none,,none,"Do not make this payment by 4 March 2025. None of the available options keeps the ZAR 21,600 minimum protected."
request_141,17674.24,not_affordable,not_recommended,none,,none,"Do not make this payment by 12 February 2026. None of the available options keeps the INR 67,300 minimum protected."
request_142,1263.6,affordable_now,full_payment,2024-12-05:1263.60,2024-12-05,none,"Pay USD 1,263.60 today. This leaves at least USD 1,700 available over the next 90 days."
request_143,2653.42,affordable_later,wait,2025-07-15:12584,2025-07-15,none,"Pay ZAR 12,584 in full on 15 July 2025. Paying earlier would take the balance below the ZAR 11,300 minimum."
request_144,233.34,affordable_now,full_payment,2026-07-04:233.34,2026-07-04,none,Pay USD 233.34 today. This leaves at least USD 600 available over the next 90 days.
request_145,24072.18,affordable_with_plan,installments,2024-03-20:75365.33|2024-04-20:75365.33|2024-05-21:75365.33,2024-05-15,reduce_to:event_13409:3335|stop:event_13342|reduce_to:event_13341:2920,"Reduce the takeaway order to INR 3,335, stop the cloud storage plan, reduce the video streaming plan to INR 2,920, then pay INR 217,400 in installments of INR 75,365.33 on 2024‑03‑20, 2024‑04‑20, and 2024‑05‑21. This leaves at least INR 155,400 available."
request_146,14054.86,not_affordable,not_recommended,none,,none,"Do not make this payment by 17 October 2025. None of the available options keeps the INR 108,600 minimum protected."
request_147,462.16,affordable_with_plan,installments,2026-04-08:391.63|2026-05-08:391.63|2026-06-07:391.63,2026-05-15,none,"Use 3 installments of EUR 391.63, starting 8 April 2026. This leaves at least EUR 900 available."
request_148,7665.48,affordable_with_plan,installments,2024-06-14:7710.56|2024-07-15:7710.56|2024-08-15:7710.56,2024-07-15,reduce_to:event_13661:531.30,"Reduce the family dinner to ZAR 531.30, then pay ZAR 7,665.48 today. This leaves at least ZAR 20,000 available."
request_149,22039.11,affordable_with_plan,installments,2025-11-18:12706.03|2025-12-16:12706.03|2026-01-13:12706.03,2026-01-15,reduce_to:event_13703:1013.76,"Reduce the monthly shopping spend to ZAR 1,013.76, then pay ZAR 22,039.11 today and split the remaining ZAR 14,612.89 into three installments of ZAR 12,706.03 on 2025‑11‑18, 2025‑12‑16, and 2026‑01‑13. This leaves at least ZAR 42,100 available."
request_150,251.49,affordable_with_plan,installments,2026-01-06:171.98|2026-02-05:171.98|2026-03-07:171.98,2026-03-15,reduce_to:event_13787:16,"Reduce online retail purchases to EUR 16, then pay EUR 496.10 in installments of EUR 171.98 on 2026-01-06, 2026-02-05, and 2026-03-07, keeping a safe amount of EUR 251.49. This leaves at least EUR 700 available."
request_151,26999000,affordable_now,full_payment,2024-09-03:26999000,2024-09-03,none,"Pay IDR 26,999,000 today. This leaves at least IDR 31,633,600 available over the next 90 days."
request_152,11035.96,affordable_with_plan,installments,2025-02-12:4812.43|2025-03-12:4812.43|2025-04-09:4812.43,2025-04-15,none,"Use 3 installments of ZAR 4,812.43, starting 12 February 2025. This leaves at least ZAR 11,900 available."
request_153,0,not_affordable,not_recommended,none,,none,"Do not make this payment by 24 September 2026. None of the available options keeps the USD 1,400 minimum protected."
request_154,1625.8,affordable_with_plan,installments,2024-12-04:563.61|2025-01-04:563.61|2025-02-04:563.61,2024-12-04,none,"Use 3 installments of EUR 563.61, starting 4 December 2024. This leaves at least EUR 1,300 available."
request_155,112500,affordable_now,full_payment,2025-05-06:112500,2025-05-06,none,"Pay INR 112,500 today. This leaves at least INR 56,300 available over the next 90 days."
request_156,8382.54,affordable_later,wait,2026-06-15:43076,2026-06-15,none,"Pay ZAR 43,076 in full on 15 June 2026. Paying earlier would take the balance below the ZAR 26,900 minimum."
request_157,4352610.76,affordable_later,wait,2024-05-15:23503000,2024-05-15,none,"Pay IDR 23,503,000 in full on 15 May 2024. Paying earlier would take the balance below the IDR 15,714,100 minimum."
request_158,242600,affordable_with_plan,installments,2025-08-07:84101.33|2025-09-04:84101.33|2025-10-02:84101.33,2025-08-07,none,"Use 3 installments of INR 84,101.33, starting 7 August 2025. This leaves at least INR 131,400 available."
request_159,3823.31,not_affordable,not_recommended,none,,none,"Do not make this payment by 20 March 2026. None of the available options keeps the ZAR 8,700 minimum protected."
request_160,574.47,affordable_with_plan,installments,2024-06-13:432.05|2024-07-14:432.05|2024-08-14:432.05,2024-07-15,none,"Use 3 installments of EUR 432.05, starting 13 June 2024. This leaves at least EUR 1,200 available."
request_161,6845704.21,affordable_later,wait,2026-01-15:21204000,2026-01-15,none,"Pay IDR 21,204,000 in full on 15 January 2026. Paying earlier would take the balance below the IDR 23,010,400 minimum."
request_162,1159061.72,not_affordable,not_recommended,none,,none,"Do not make this payment by 26 August 2026. None of the available options keeps the IDR 24,161,100 minimum protected."
request_163,0,not_affordable,not_recommended,none,,none,"Do not make this payment by 15 November 2024. None of the available options keeps the IDR 26,728,700 minimum protected."
request_164,27018000,affordable_with_plan,installments,2025-02-11:9366240|2025-03-11:9366240|2025-04-08:9366240,2025-02-04,none,"Use 3 installments of IDR 9,366,240, starting 11 February 2025. This leaves at least IDR 29,550,500 available."
request_165,79004.86,affordable_with_plan,full_payment,2026-04-06:80600,2026-04-06,reduce_to:event_15173:1875,"Reduce the quick-service meal to INR 1,875, then pay INR 80,600 on 2026-04-06. This leaves at least INR 95,000 available."
request_166,2907.6,affordable_with_plan,installments,2024-12-03:1007.97|2025-01-03:1007.97|2025-02-03:1007.97,2024-12-03,none,"Use 3 installments of USD 1,007.97, starting 3 December 2024. This leaves at least USD 1,700 available."
request_167,43802,affordable_now,full_payment,2025-05-05:43802,2025-05-05,none,"Pay ZAR 43,802 today. This leaves at least ZAR 31,200 available over the next 90 days."
request_168,28721.68,affordable_with_plan,partial_payment,2026-01-07:28721.68|2026-02-15:20658.32,2026-02-15,none,"Pay INR 28,721.68 today and the remaining INR 20,658.32 on 15 February 2026. This completes the full request and keeps the INR 114,400 minimum protected."
request_169,0,not_affordable,not_recommended,none,,none,"Do not make this payment by 16 May 2024. None of the available options keeps the ZAR 18,700 minimum protected."
request_170,30183194.4,affordable_with_plan,installments,2025-08-06:12804480|2025-09-03:12804480|2025-10-01:12804480,2025-09-15,none,"Use 3 installments of IDR 12,804,480, starting 6 August 2025. This leaves at least IDR 24,715,800 available."
request_171,30.56,not_affordable,not_recommended,none,,none,Do not make this payment by 10 September 2026. None of the available options keeps the EUR 500 minimum protected.
request_172,9598.68,affordable_with_plan,partial_payment,2024-06-05:9598.68|2024-06-15:601.32,2024-06-15,none,"Pay ZAR 9,598.68 today and the remaining ZAR 601.32 on 15 June 2024. This completes the full request and keeps the ZAR 27,200 minimum protected."
request_173,0,not_affordable,not_recommended,none,,none,"Do not make this payment by 17 January 2026. None of the available options keeps the INR 79,100 minimum protected."
request_174,988.95,affordable_with_plan,installments,2026-04-04:397.35|2026-05-04:397.35|2026-06-03:397.35,2026-04-04,none,"Use 3 installments of EUR 397.35, starting 4 April 2026. This leaves at least EUR 700 available."
request_175,2346.3,affordable_now,full_payment,2024-09-06:2346.30,2024-09-06,none,"Pay EUR 2,346.30 today. This leaves at least EUR 1,700 available over the next 90 days."
request_176,350.63,not_affordable,not_recommended,none,2025-03-15,none,Do not make this payment by 27 February 2025. None of the available options keeps the EUR 600 minimum protected.
request_177,1017.6,affordable_now,full_payment,2026-01-05:1017.60,2026-01-05,none,"Pay USD 1,017.60 today. This leaves at least USD 1,300 available over the next 90 days."
request_178,2938.1,affordable_with_plan,installments,2024-12-07:1018.54|2025-01-07:1018.54|2025-02-07:1018.54,2024-12-07,none,"Use 3 installments of EUR 1,018.54, starting 7 December 2024. This leaves at least EUR 1,400 available."
request_179,6458243.33,affordable_later,wait,2025-07-15:41648000,2025-07-15,none,"Pay IDR 41,648,000 in full on 15 July 2025. Paying earlier would take the balance below the IDR 41,430,800 minimum."
request_180,66500,affordable_now,full_payment,2026-07-06:66500,2026-07-06,none,"Pay INR 66,500 today. This leaves at least INR 37,300 available over the next 90 days."
request_181,288.24,not_affordable,not_recommended,none,,none,"Do not make this payment by 7 April 2024. None of the available options keeps the USD 2,000 minimum protected."
request_182,65714,affordable_now,full_payment,2025-08-05:65714,2025-08-05,none,"Pay ZAR 65,714 today. This leaves at least ZAR 31,100 available over the next 90 days."
request_183,0,not_affordable,not_recommended,none,,none,"Do not make this payment by 18 June 2026. None of the available options keeps the IDR 11,878,300 minimum protected."
request_184,0,not_affordable,not_recommended,none,,none,"Do not make this payment by 30 July 2024. None of the available options keeps the INR 110,800 minimum protected."
request_185,318.41,affordable_later,wait,2026-01-15:1257.30,2026-01-15,none,"Pay EUR 1,257.30 in full on 15 January 2026. Paying earlier would take the balance below the EUR 1,300 minimum."
request_186,3303.1,affordable_later,wait,2026-03-15:26554,2026-03-15,none,"Pay ZAR 26,554 in full on 15 March 2026. Paying earlier would take the balance below the ZAR 22,000 minimum."
request_187,38384.36,affordable_later,wait,2024-11-15:187500,2024-11-15,none,"Pay INR 187,500 in full on 15 November 2024. Paying earlier would take the balance below the INR 128,300 minimum."
request_188,26.3,not_affordable,not_recommended,none,,none,Do not make this payment by 4 March 2025. None of the available options keeps the EUR 900 minimum protected.
request_189,488.4,affordable_now,full_payment,2026-07-04:488.40,2026-07-04,none,Pay EUR 488.40 today. This leaves at least EUR 400 available over the next 90 days.
request_190,444.74,affordable_later,wait,2025-02-15:2557.50,2025-02-15,none,"Pay EUR 2,557.50 in full on 15 February 2025. Paying earlier would take the balance below the EUR 1,600 minimum."
request_191,664.4,affordable_now,full_payment,2025-05-03:664.40,2025-05-03,none,Pay EUR 664.40 today. This leaves at least EUR 500 available over the next 90 days.
request_192,113.88,not_affordable,not_recommended,none,,none,"Do not make this payment by 11 May 2026. None of the available options keeps the USD 1,000 minimum protected."
request_193,23.01,affordable_with_plan,installments,2024-03-21:420.23|2024-04-21:420.23|2024-05-22:420.23,2024-05-15,none,"Use 3 installments of EUR 420.23, starting 21 March 2024. This leaves at least EUR 1,000 available."
request_194,40302.8,affordable_later,wait,2025-10-15:132800,2025-10-15,none,"Pay INR 132,800 in full on 15 October 2025. Paying earlier would take the balance below the INR 113,600 minimum."
request_195,965.64,affordable_with_plan,installments,2026-01-09:405.74|2026-02-08:405.74|2026-03-10:405.74,2026-02-15,none,"Use 3 installments of EUR 405.74, starting 9 January 2026. This leaves at least EUR 700 available."
request_196,762.3,affordable_now,full_payment,2024-06-03:762.30,2024-06-03,none,Pay EUR 762.30 today. This leaves at least EUR 500 available over the next 90 days.
request_197,50939000,affordable_with_plan,installments,2025-11-19:17658853.33|2025-12-17:17658853.33|2026-01-14:17658853.33,2025-11-05,none,"Use 3 installments of IDR 17,658,853.33, starting 19 November 2025. This leaves at least IDR 26,245,900 available."
request_198,185800,affordable_now,full_payment,2026-07-07:185800,2026-07-07,none,"Pay INR 185,800 today. This leaves at least INR 124,300 available over the next 90 days."
request_199,23674000,affordable_with_plan,installments,2024-09-07:8206986.67|2024-10-08:8206986.67|2024-11-08:8206986.67,2024-09-04,none,"Use 3 installments of IDR 8,206,986.67, starting 7 September 2024. This leaves at least IDR 25,359,500 available."
request_200,21717000,affordable_now,full_payment,2025-02-06:21717000,2025-02-06,none,"Pay IDR 21,717,000 today. This leaves at least IDR 20,114,600 available over the next 90 days."
request_201,23997000,affordable_now,full_payment,2026-04-03:23997000,2026-04-03,none,"Pay IDR 23,997,000 today. This leaves at least IDR 17,304,500 available over the next 90 days."
request_202,123900,affordable_now,full_payment,2024-12-05:123900,2024-12-05,none,"Pay INR 123,900 today. This leaves at least INR 147,800 available over the next 90 days."
request_203,1442.1,affordable_with_plan,installments,2025-05-10:499.93|2025-06-07:499.93|2025-07-05:499.93,2025-05-07,none,"Use 3 installments of EUR 499.93, starting 10 May 2025. This leaves at least EUR 1,400 available."
request_204,588.74,affordable_now,full_payment,2026-01-04:588.74,2026-01-04,none,"Pay EUR 588.74 today. This leaves at least EUR 1,300 available over the next 90 days."
request_205,10621000,affordable_now,full_payment,2024-03-06:10621000,2024-03-06,none,"Pay IDR 10,621,000 today. This leaves at least IDR 13,994,300 available over the next 90 days."
request_206,1404.7,affordable_with_plan,installments,2025-08-03:486.96|2025-08-31:486.96|2025-09-28:486.96,2025-08-03,none,"Use 3 installments of EUR 486.96, starting 3 August 2025. This leaves at least EUR 900 available."
request_207,4205.61,affordable_later,wait,2026-07-15:11830,2026-07-15,none,"Pay ZAR 11,830 in full on 15 July 2026. Paying earlier would take the balance below the ZAR 13,600 minimum."
request_208,3104179.08,affordable_later,wait,2024-06-15:4413000,2024-06-15,none,"Pay IDR 4,413,000 in full on 15 June 2024. Paying earlier would take the balance below the IDR 10,470,700 minimum."
request_209,1808.74,not_affordable,not_recommended,none,,none,"Do not make this payment by 25 November 2025. None of the available options keeps the ZAR 18,400 minimum protected."
request_210,805.15,affordable_with_plan,partial_payment,2026-04-06:805.15|2026-04-15:554.87,2026-04-15,none,"Pay USD 805.15 today and the remaining USD 554.87 on 15 April 2026. This completes the full request and keeps the USD 2,000 minimum protected."
request_211,288.07,affordable_later,wait,2024-11-15:1788.60,2024-11-15,none,"Pay EUR 1,788.60 in full on 15 November 2024. Paying earlier would take the balance below the EUR 1,500 minimum."
request_212,5431241.08,not_affordable,not_recommended,none,,none,"Do not make this payment by 28 February 2025. None of the available options keeps the IDR 29,579,800 minimum protected."
request_213,2464.42,affordable_with_plan,installments,2026-01-21:1165.63|2026-02-20:1165.63|2026-03-22:1165.63,2026-01-07,none,"Use 3 installments of USD 1,165.63, starting 21 January 2026. This leaves at least USD 2,100 available."
request_214,0,not_affordable,not_recommended,none,,none,"Do not make this payment by 28 January 2025. None of the available options keeps the INR 174,900 minimum protected."
request_215,29986,affordable_with_plan,installments,2025-05-09:10395.15|2025-06-06:10395.15|2025-07-04:10395.15,2025-05-06,none,"Use 3 installments of ZAR 10,395.15, starting 9 May 2025. This leaves at least ZAR 15,700 available."
request_216,472.13,affordable_later,wait,2026-09-15:3332.40,2026-09-15,none,"Pay USD 3,332.40 in full on 15 September 2026. Paying earlier would take the balance below the USD 1,800 minimum."
request_217,19686.45,affordable_with_plan,installments,2024-03-19:12889.07|2024-04-19:12889.07|2024-05-20:12889.07,2024-05-15,none,"Use 3 installments of ZAR 12,889.07, starting 19 March 2024. This leaves at least ZAR 26,800 available."
request_218,24552135.34,affordable_with_plan,installments,2025-08-07:21195893.33|2025-09-04:21195893.33|2025-10-02:21195893.33,2025-09-15,none,"Use 3 installments of IDR 21,195,893.33, starting 7 August 2025. This leaves at least IDR 34,477,200 available."
request_219,697.72,affordable_with_plan,installments,2026-04-07:580.01|2026-05-07:580.01|2026-06-06:580.01,2026-05-15,none,"Use 3 installments of EUR 580.01, starting 7 April 2026. This leaves at least EUR 1,100 available."
request_220,50.71,not_affordable,not_recommended,none,,none,"Do not make this payment by 3 July 2024. None of the available options keeps the EUR 1,100 minimum protected."
request_221,109800,affordable_now,full_payment,2025-11-03:109800,2025-11-03,none,"Pay INR 109,800 today. This leaves at least INR 81,500 available over the next 90 days."
request_222,34078,affordable_now,full_payment,2026-01-05:34078,2026-01-05,none,"Pay ZAR 34,078 today. This leaves at least ZAR 27,300 available over the next 90 days."
request_223,898.7,affordable_now,full_payment,2024-09-07:898.70,2024-09-07,none,Pay EUR 898.70 today. This leaves at least EUR 800 available over the next 90 days.
request_224,9894269.18,affordable_with_plan,partial_payment,2025-02-04:9894269.18|2025-02-15:432730.82,2025-02-15,none,"Pay IDR 9,894,269.18 today and the remaining IDR 432,730.82 on 15 February 2025. This completes the full request and keeps the IDR 22,187,600 minimum protected."
request_225,9380382.41,affordable_with_plan,installments,2026-07-20:7647120|2026-08-19:7647120|2026-09-18:7647120,2026-09-15,stop:event_20650,"Stop the online backup subscription, then pay IDR 9,380,382.41 today and schedule the remaining payments as follows: IDR 7,647,120 on 2026-07-20, IDR 7,647,120 on 2026-08-19, and IDR 7,647,120 on 2026-09-18. This leaves at least IDR 17,670,700 available."
request_226,157000,affordable_now,full_payment,2024-12-03:157000,2024-12-03,none,"Pay INR 157,000 today. This leaves at least INR 209,400 available over the next 90 days."
request_227,7699.12,not_affordable,not_recommended,none,,none,"Do not make this payment by 20 June 2025. None of the available options keeps the INR 62,900 minimum protected."
request_228,1327679.29,not_affordable,not_recommended,none,,none,"Do not make this payment by 30 April 2026. None of the available options keeps the IDR 26,191,200 minimum protected."
request_229,420.82,affordable_with_plan,installments,2024-03-18:529.29|2024-04-18:529.29|2024-05-19:529.29,2024-05-15,stop:event_21032|stop:event_21031,"Stop the food delivery membership and stop the music subscription, then pay EUR 420.82 today and set up the following installment plan: EUR 529.29 on 2024-03-18, EUR 529.29 on 2024-04-18, EUR 529.29 on 2024-05-19. This leaves at least EUR 1,000 available."
request_230,3537.6,affordable_now,full_payment,2025-08-06:3537.60,2025-08-06,none,"Pay EUR 3,537.60 today. This leaves at least EUR 2,000 available over the next 90 days."
request_231,31571.89,affordable_with_plan,installments,2026-01-06:12378.08|2026-02-05:12378.08|2026-03-07:12378.08,2026-02-15,none,"Use 3 installments of ZAR 12,378.08, starting 6 January 2026. This leaves at least ZAR 24,300 available."
request_232,251.7,affordable_later,wait,2024-08-15:1970.10,2024-08-15,none,"Pay EUR 1,970.10 in full on 15 August 2024. Paying earlier would take the balance below the EUR 2,400 minimum."
request_233,3535851.67,affordable_with_plan,installments,2025-11-14:3245320|2025-12-15:3245320,2025-12-15,none,"Use 2 installments of IDR 3,245,320, starting 14 November 2025. This leaves at least IDR 10,365,700 available."
request_234,184.65,affordable_later,wait,2026-09-15:1213.30,2026-09-15,none,"Pay EUR 1,213.30 in full on 15 September 2026. Paying earlier would take the balance below the EUR 700 minimum."
request_235,967.2,affordable_now,full_payment,2024-09-06:967.20,2024-09-06,none,Pay USD 967.20 today. This leaves at least USD 700 available over the next 90 days.
request_236,6081340.68,not_affordable,not_recommended,none,,none,"Do not make this payment by 23 February 2025. None of the available options keeps the IDR 16,768,600 minimum protected."
request_237,23826000,affordable_now,full_payment,2026-04-05:23826000,2026-04-05,none,"Pay IDR 23,826,000 today. This leaves at least IDR 22,431,500 available over the next 90 days."
request_238,663.6,affordable_with_plan,installments,2024-12-07:230.05|2025-01-07:230.05|2025-02-07:230.05,2024-12-07,none,"Use 3 installments of USD 230.05, starting 7 December 2024. This leaves at least USD 700 available."
request_239,642,affordable_now,full_payment,2025-05-04:642,2025-05-04,none,Pay USD 642 today. This leaves at least USD 600 available over the next 90 days.
request_240,14534.05,not_affordable,not_recommended,none,,none,"Do not make this payment by 20 March 2026. None of the available options keeps the INR 52,800 minimum protected."
request_241,21052000,affordable_with_plan,installments,2024-03-17:7298026.67|2024-04-17:7298026.67|2024-05-18:7298026.67,2024-03-03,none,"Use 3 installments of IDR 7,298,026.67, starting 17 March 2024. This leaves at least IDR 19,252,000 available."
request_242,41.02,not_affordable,not_recommended,none,,none,Do not make this payment by 25 August 2025. None of the available options keeps the EUR 600 minimum protected.
request_243,17468,affordable_now,full_payment,2026-07-07:17468,2026-07-07,none,"Pay ZAR 17,468 today. This leaves at least ZAR 19,900 available over the next 90 days."
request_244,49918,affordable_now,full_payment,2024-06-04:49918,2024-06-04,none,"Pay ZAR 49,918 today. This leaves at least ZAR 45,900 available over the next 90 days."
request_245,0,not_affordable,not_recommended,none,,none,"Do not make this payment by 15 January 2026. None of the available options keeps the INR 94,600 minimum protected."
request_246,64086,affordable_with_plan,installments,2026-04-03:22216.48|2026-05-03:22216.48|2026-06-02:22216.48,2026-04-03,none,"Use 3 installments of ZAR 22,216.48, starting 3 April 2026. This leaves at least ZAR 39,300 available."
request_247,1059.3,affordable_now,full_payment,2024-09-05:1059.30,2024-09-05,none,"Pay EUR 1,059.30 today. This leaves at least EUR 1,300 available over the next 90 days."
request_248,929.02,affordable_with_plan,partial_payment,2025-02-07:929.02|2025-04-15:1036.58,2025-04-15,none,"Pay USD 929.02 today and the remaining USD 1,036.58 on 15 April 2025. This completes the full request and keeps the USD 1,300 minimum protected."
request_249,132.37,affordable_later,wait,2026-03-15:643.20,2026-03-15,none,Pay USD 643.20 in full on 15 March 2026. Paying earlier would take the balance below the USD 600 minimum.
request_250,16056.71,not_affordable,not_recommended,none,,none,"Do not make this payment by 18 January 2025. None of the available options keeps the ZAR 35,300 minimum protected."
request_251,774.27,not_affordable,not_recommended,none,2025-05-03,none,"Do not make this payment by 6 June 2025. None of the available options keeps the EUR 1,300 minimum protected."
request_252,3553677.74,affordable_later,wait,2026-09-15:28082000,2026-09-15,none,"Pay IDR 28,082,000 in full on 15 September 2026. Paying earlier would take the balance below the IDR 15,152,200 minimum."
request_253,1383.13,affordable_with_plan,installments,2024-03-21:984.60|2024-04-21:984.60|2024-05-22:984.60,2024-05-15,none,"Use 3 installments of EUR 984.60, starting 21 March 2024. This leaves at least EUR 2,300 available."
request_254,627.67,affordable_later,wait,2025-10-15:3535.20,2025-10-15,none,"Pay USD 3,535.20 in full on 15 October 2025. Paying earlier would take the balance below the USD 2,500 minimum."
request_255,685690.62,not_affordable,not_recommended,none,2026-04-06,none,"Do not make this payment by 15 June 2026. None of the available options keeps the IDR 9,813,900 minimum protected."
request_256,154879.83,affordable_with_plan,installments,2024-06-10:75816|2024-07-11:75816|2024-08-11:75816,2024-07-15,none,"Use 3 installments of INR 75,816, starting 10 June 2024. This leaves at least INR 168,600 available."
request_257,356.04,affordable_later,wait,2026-01-15:1352.40,2026-01-15,none,"Pay USD 1,352.40 in full on 15 January 2026. Paying earlier would take the balance below the USD 1,600 minimum."
request_258,1113.6,affordable_now,full_payment,2026-01-07:1113.60,2026-01-07,none,"Pay USD 1,113.60 today. This leaves at least USD 500 available over the next 90 days."
request_259,212.1,affordable_later,wait,2024-11-15:935,2024-11-15,none,Pay EUR 935 in full on 15 November 2024. Paying earlier would take the balance below the EUR 600 minimum.
request_260,0,not_affordable,not_recommended,none,,none,"Do not make this payment by 18 April 2025. None of the available options keeps the IDR 20,727,700 minimum protected."
request_261,1830.4,affordable_now,full_payment,2026-07-03:1830.40,2026-07-03,none,"Pay EUR 1,830.40 today. This leaves at least EUR 1,500 available over the next 90 days."
request_262,5233903.03,affordable_with_plan,full_payment,2024-12-05:9236000,2024-12-05,reduce_to:event_24161:763800|reduce_to:event_24096:548720,"Reduce the neighbourhood restaurant to IDR 763,800 and reduce the household shopping to IDR 548,720, then pay IDR 9,236,000 on 2025-01-24. This leaves at least IDR 31,018,500 available."
request_263,0,not_affordable,not_recommended,none,,none,"Do not make this payment by 15 June 2025. None of the available options keeps the ZAR 24,100 minimum protected."
request_264,23012.52,affordable_later,wait,2026-06-15:111300,2026-06-15,none,"Pay INR 111,300 in full on 15 June 2026. Paying earlier would take the balance below the INR 59,500 minimum."
request_265,0,not_affordable,not_recommended,none,2024-03-06,none,"Do not make this payment by 21 March 2024. None of the available options keeps the INR 189,700 minimum protected."
request_266,770.18,affordable_with_plan,installments,2025-08-03:324.13|2025-08-31:324.13|2025-09-28:324.13,2025-09-15,none,"Use 3 installments of EUR 324.13, starting 3 August 2025. This leaves at least EUR 900 available."
request_267,1644.69,affordable_with_plan,installments,2026-01-08:667.33|2026-02-07:667.33|2026-03-09:667.33,2026-01-15,none,"Use 3 installments of EUR 667.33, starting 8 January 2026. This leaves at least EUR 1,500 available."
request_268,1061.93,affordable_with_plan,installments,2024-06-14:841.22|2024-07-15:841.22|2024-08-15:841.22,2024-07-15,none,"Use 3 installments of EUR 841.22, starting 14 June 2024. This leaves at least EUR 1,400 available."
request_269,9664.79,affordable_later,wait,2025-12-15:15490,2025-12-15,none,"Pay ZAR 15,490 in full on 15 December 2025. Paying earlier would take the balance below the ZAR 23,100 minimum."
request_270,96.77,not_affordable,not_recommended,none,,none,"Do not make this payment by 30 August 2026. None of the available options keeps the USD 1,400 minimum protected."
request_271,13832.03,affordable_later,wait,2024-11-15:91300,2024-11-15,none,"Pay INR 91,300 in full on 15 November 2024. Paying earlier would take the balance below the INR 58,200 minimum."
request_272,5420361.49,affordable_with_plan,installments,2025-02-12:4709466.67|2025-03-12:4709466.67|2025-04-09:4709466.67,2025-03-15,none,"Use 3 installments of IDR 4,709,466.67, starting 12 February 2025. This leaves at least IDR 7,508,600 available."
request_273,9476871.09,affordable_with_plan,partial_payment,2026-04-07:9476871.09|2026-04-15:6384128.91,2026-04-15,none,"Pay IDR 9,476,871.09 today and the remaining IDR 6,384,128.91 on 15 April 2026. This completes the full request and keeps the IDR 18,774,600 minimum protected."
request_274,2083.08,affordable_with_plan,installments,2024-12-04:940.75|2025-01-04:940.75|2025-02-04:940.75,2025-01-15,none,"Use 3 installments of EUR 940.75, starting 4 December 2024. This leaves at least EUR 1,800 available."
request_275,15884000,affordable_now,full_payment,2025-05-06:15884000,2025-05-06,none,"Pay IDR 15,884,000 today. This leaves at least IDR 12,760,100 available over the next 90 days."
